MSSV,H? và tên,Email,Chuyên Ngành
SE15001,Nguyá»…n VÄƒn An,annvse15001@fpt.edu.vn,SE
SS15002,Tráº§n Thá»‹ BÃ¬nh,binhttss15002@fpt.edu.vn,SS
SE15003,LÃª HoÃ ng CÆ°á»ng,cuonglhse15003@fpt.edu.vn,SE
SE15004,Pháº¡m Minh Duy,duypmse15004@fpt.edu.vn,SE
SS15005,Äá»— Ngá»c Em,emdnss15005@fpt.edu.vn,SS
SE15006,VÅ© Thá»‹ PhÆ°Æ¡ng,phuongvtse15006@fpt.edu.vn,SE
SS15007,NgÃ´ VÄƒn Giang,giangnvss15007@fpt.edu.vn,SS
SE15008,HoÃ ng Thá»‹ Hoa,hoahtse15008@fpt.edu.vn,SE
SE15009,BÃ¹i VÄƒn HÃ¹ng,hungbvse15009@fpt.edu.vn,SE
SS15010,Äáº·ng Thá»‹ KhÃ¡nh,khanhdtss15010@fpt.edu.vn,SS
SE15011,DÆ°Æ¡ng VÄƒn LÃ¢m,lamdvse15011@fpt.edu.vn,SE
SS15012,Trá»‹nh Thá»‹ Mai,maittss15012@fpt.edu.vn,SS
SE15013,Phan VÄƒn Nam,nampvse15013@fpt.edu.vn,SE
SE15014,LÃ½ Thá»‹ Oanh,oanhltse15014@fpt.edu.vn,SE
SS15015,VÆ°Æ¡ng VÄƒn PhÃº,phuvvss15015@fpt.edu.vn,SS
